missed_fraud_cost,review_cost,legitimate_friction_cost,total_fraud,selected_count,selected_fraud (TP),missed_fraud (FN),false_alarms (FP),true_negatives (TN),simulated_cost,cost_review_none,cost_savings
20.0,0.5,0.0,4064,1119,388,3676,731,113313,74079.5,81280.0,7200.5
20.0,0.5,2.0,4064,1119,388,3676,731,113313,75541.5,81280.0,5738.5
20.0,0.5,5.0,4064,1119,388,3676,731,113313,77734.5,81280.0,3545.5
20.0,1.0,0.0,4064,1119,388,3676,731,113313,74639.0,81280.0,6641.0
20.0,1.0,2.0,4064,1119,388,3676,731,113313,76101.0,81280.0,5179.0
20.0,1.0,5.0,4064,1119,388,3676,731,113313,78294.0,81280.0,2986.0
20.0,2.0,0.0,4064,1119,388,3676,731,113313,75758.0,81280.0,5522.0
20.0,2.0,2.0,4064,1119,388,3676,731,113313,77220.0,81280.0,4060.0
20.0,2.0,5.0,4064,1119,388,3676,731,113313,79413.0,81280.0,1867.0
100.0,0.5,0.0,4064,1119,388,3676,731,113313,368159.5,406400.0,38240.5
100.0,0.5,2.0,4064,1119,388,3676,731,113313,369621.5,406400.0,36778.5
100.0,0.5,5.0,4064,1119,388,3676,731,113313,371814.5,406400.0,34585.5
100.0,1.0,0.0,4064,1119,388,3676,731,113313,368719.0,406400.0,37681.0
100.0,1.0,2.0,4064,1119,388,3676,731,113313,370181.0,406400.0,36219.0
100.0,1.0,5.0,4064,1119,388,3676,731,113313,372374.0,406400.0,34026.0
100.0,2.0,0.0,4064,1119,388,3676,731,113313,369838.0,406400.0,36562.0
100.0,2.0,2.0,4064,1119,388,3676,731,113313,371300.0,406400.0,35100.0
100.0,2.0,5.0,4064,1119,388,3676,731,113313,373493.0,406400.0,32907.0
500.0,0.5,0.0,4064,1119,388,3676,731,113313,1838559.5,2032000.0,193440.5
500.0,0.5,2.0,4064,1119,388,3676,731,113313,1840021.5,2032000.0,191978.5
500.0,0.5,5.0,4064,1119,388,3676,731,113313,1842214.5,2032000.0,189785.5
500.0,1.0,0.0,4064,1119,388,3676,731,113313,1839119.0,2032000.0,192881.0
500.0,1.0,2.0,4064,1119,388,3676,731,113313,1840581.0,2032000.0,191419.0
500.0,1.0,5.0,4064,1119,388,3676,731,113313,1842774.0,2032000.0,189226.0
500.0,2.0,0.0,4064,1119,388,3676,731,113313,1840238.0,2032000.0,191762.0
500.0,2.0,2.0,4064,1119,388,3676,731,113313,1841700.0,2032000.0,190300.0
500.0,2.0,5.0,4064,1119,388,3676,731,113313,1843893.0,2032000.0,188107.0
