segment_type,segment_value,row_count,fraud_count,fraud_prevalence,selected_count,selected_fraud,recall,precision,adequate_support
ProductCD,C,12109,1617,0.13354,643,232,0.14348,0.36081,True
ProductCD,H,3333,197,0.05911,177,57,0.28934,0.32203,True
ProductCD,W,93669,1810,0.01932,138,22,0.01215,0.15942,True
ProductCD,R,5496,257,0.04676,121,62,0.24125,0.5124,True
ProductCD,S,3501,183,0.05227,40,15,0.08197,0.375,True
AmountBand,<= 50,39767,1594,0.04008,352,108,0.06775,0.30682,True
AmountBand,50 - 150,53509,1484,0.02773,426,131,0.08827,0.30751,True
AmountBand,150 - 500,20016,752,0.03757,284,130,0.17287,0.45775,True
AmountBand,> 500,4816,234,0.04859,57,19,0.0812,0.33333,True
TimeBlock,T_Q1,29527,981,0.03322,221,78,0.07951,0.35294,True
TimeBlock,T_Q2,29527,870,0.02946,259,81,0.0931,0.31274,True
TimeBlock,T_Q3,29527,1044,0.03536,321,110,0.10536,0.34268,True
TimeBlock,T_Q4,29527,1169,0.03959,318,119,0.1018,0.37421,True
