TransactionID,TransactionDT,TransactionAmt,ProductCD,dist1,dist2,card4,card6,addr1,addr2,P_emaildomain,R_emaildomain,M4,M6
1000000,86497,48.01,W,,,visa,credit,272,87,hotmail.com,,M2,
1000001,86590,28.31,C,,43.7,mastercard,debit,204,87,yahoo.com,,M0,T
1000002,86610,269.98,S,14.9,,visa,debit,299,87,yahoo.com,,M1,F
1000003,86630,19.88,H,35.3,,visa,debit,315,87,yahoo.com,,,T
1000004,86630,40.85,W,,,discover,credit,,87,hotmail.com,gmail.com,M0,T
1000005,86715,29.49,C,33.0,,visa,debit,204,87,aol.com,,M0,T
1000006,86727,5.13,W,,,visa,debit,126,87,yahoo.com,,M0,T
1000007,86817,77.93,W,,,visa,debit,204,87,hotmail.com,yahoo.com,M1,F
1000008,86835,367.58,W,,18.5,american express,credit,,87,gmail.com,,M1,T
1000009,86855,73.46,W,53.0,1.0,visa,debit,325,87,yahoo.com,,,T
1000010,86875,9.77,W,,,visa,debit,441,87,hotmail.com,,M1,F
1000011,86983,299.21,W,,,visa,debit,325,87,yahoo.com,hotmail.com,,F
1000012,86996,47.64,W,,,visa,credit,181,60,gmail.com,,M0,T
1000013,87013,37.88,W,1.2,,,debit,299,87,gmail.com,,M0,F
1000014,87120,47.22,W,,,visa,debit,325,87,,,M2,T
1000015,87120,101.61,C,72.8,,visa,debit,325,87,gmail.com,gmail.com,,T
1000016,87190,33.84,W,49.7,,visa,debit,299,87,anonymous.com,,M0,T
1000017,87299,38.22,W,9.8,,visa,debit,299,87,hotmail.com,,M0,T
1000018,87370,45.13,W,,,visa,debit,204,87,gmail.com,,,
1000019,87392,720.66,W,12.8,,mastercard,debit,315,87,aol.com,,M1,F
1000020,87396,50.3,W,,,discover,debit,315,87,hotmail.com,yahoo.com,M0,F
1000021,87462,14.81,R,17.0,,visa,debit,126,87,gmail.com,,M0,F
1000022,87462,25.72,W,,,mastercard,debit,204,87,yahoo.com,,,T
1000023,87535,90.25,W,1.8,,discover,debit,181,87,hotmail.com,,M0,F
1000024,87572,134.47,W,,,visa,credit,325,87,,,M0,T
1000025,87633,31.54,R,4.1,49.4,mastercard,debit,299,87,yahoo.com,yahoo.com,M2,T
1000026,87633,25.18,W,37.3,,american express,debit,204,87,hotmail.com,,M2,T
1000027,87709,82.87,W,,1.0,visa,debit,315,87,gmail.com,,M0,T
1000028,87725,33.54,W,,,mastercard,debit,441,87,yahoo.com,,M1,F
1000029,87782,6.97,R,,,visa,debit,,87,gmail.com,,M0,F
1000030,87850,28.75,S,5.5,,visa,debit,272,87,aol.com,gmail.com,,T
1000031,87884,792.56,W,,,visa,credit,181,87,hotmail.com,,M0,T
1000032,87895,253.21,W,,,visa,debit,,87,gmail.com,,M1,F
1000033,87899,199.6,R,,,mastercard,credit,126,87,gmail.com,,M0,F
1000034,87899,89.95,W,,,visa,debit,325,87,aol.com,,,T
1000035,87921,29.94,W,,,mastercard,debit,126,87,yahoo.com,,M0,T
1000036,87921,12.47,C,0.9,,visa,debit,126,87,aol.com,,M1,T
1000037,87956,32.51,W,,,visa,credit,,87,gmail.com,,M2,F
1000038,88051,73.64,S,,,visa,credit,299,87,aol.com,gmail.com,M2,T
1000039,88051,88.3,S,32.1,,visa,debit,325,60,aol.com,,M0,T
1000040,88051,29.49,R,8.7,,visa,debit,325,87,gmail.com,,M0,
1000041,88110,292.82,W,2.4,,visa,debit,,87,gmail.com,,M0,F
1000042,88139,93.38,W,54.5,,visa,debit,272,87,gmail.com,hotmail.com,M0,F
1000043,88158,60.39,H,,,visa,debit,299,60,gmail.com,,M0,F
1000044,88196,21.9,W,,,mastercard,debit,204,87,yahoo.com,,,F
1000045,88247,213.78,W,,,visa,debit,315,87,yahoo.com,,M0,F
1000046,88337,58.45,S,1.5,7.5,discover,debit,325,87,,,M0,T
1000047,88385,16.25,H,35.4,,visa,debit,,87,gmail.com,,M2,T
1000048,88484,78.01,W,24.7,,visa,debit,,87,yahoo.com,,M0,F
1000049,88484,21.87,W,,16.7,mastercard,debit,441,87,gmail.com,gmail.com,,T
1000050,88484,88.74,S,,9.7,mastercard,debit or credit,,87,yahoo.com,,M1,T
1000051,88484,96.1,W,,,mastercard,credit,325,87,hotmail.com,,M1,T
1000052,88577,34.59,W,4.0,,visa,credit,315,87,anonymous.com,,M0,T
1000053,88612,247.69,W,,,visa,debit,315,87,anonymous.com,,,T
1000054,88655,18.65,W,,2.4,visa,debit,204,87,gmail.com,,M0,T
1000055,88699,243.86,R,7.2,68.4,,debit,325,87,hotmail.com,yahoo.com,M0,T
1000056,88816,66.93,C,8.1,,mastercard,debit,204,87,gmail.com,gmail.com,M0,T
1000057,88883,69.59,W,13.5,,visa,debit,441,60,gmail.com,,,F
1000058,88946,119.98,C,,,visa,debit or credit,126,87,gmail.com,,,T
1000059,88952,16.81,W,,,visa,debit,204,,hotmail.com,,M0,
1000060,88986,152.59,W,20.9,,mastercard,credit,315,87,gmail.com,,M0,
1000061,89034,34.81,C,11.3,,visa,credit,315,87,hotmail.com,,M1,F
1000062,89073,12.22,W,,,discover,debit,325,87,,,M1,F
1000063,89163,624.32,S,,,visa,debit,315,87,yahoo.com,,M0,T
1000064,89163,68.38,W,45.0,,mastercard,debit,181,87,yahoo.com,anonymous.com,M1,T
1000065,89276,9.6,R,,,american express,debit,325,87,,,M1,F
1000066,89347,53.14,W,15.1,41.3,visa,debit,126,87,gmail.com,yahoo.com,,T
1000067,89363,104.86,C,,,visa,debit,,87,hotmail.com,yahoo.com,M0,T
1000068,89404,155.28,W,5.1,,visa,credit,,87,gmail.com,,M0,T
1000069,89472,103.48,W,,,mastercard,debit,315,87,yahoo.com,,,F
1000070,89537,695.41,R,20.2,,visa,debit,315,87,yahoo.com,,M0,F
1000071,89537,32.97,W,28.7,,visa,debit,,,hotmail.com,,,T
1000072,89537,16.1,H,,,visa,credit,325,87,anonymous.com,,M0,T
1000073,89622,42.68,W,,,visa,credit,204,87,gmail.com,yahoo.com,,T
1000074,89731,11.11,W,25.1,,visa,debit,204,87,gmail.com,,,F
1000075,89845,27.29,W,45.1,,visa,credit,299,60,gmail.com,,M2,F
1000076,89937,711.54,W,12.2,,visa,debit,204,87,gmail.com,,M0,T
1000077,89974,13.0,W,,72.3,visa,debit,126,87,yahoo.com,gmail.com,M0,T
1000078,89975,135.34,C,,1.1,visa,debit,181,87,gmail.com,,M0,T
1000079,89995,16.35,C,,,mastercard,debit,441,87,,,M2,T
1000080,90101,56.26,W,,,visa,debit,204,87,gmail.com,,M1,F
1000081,90175,34.31,H,,,visa,debit,272,87,hotmail.com,,,T
1000082,90200,4.24,W,,,visa,debit,299,87,gmail.com,,M2,T
1000083,90301,32.54,W,,76.7,mastercard,credit,181,,gmail.com,,,T
1000084,90378,138.96,W,,,visa,credit,315,87,anonymous.com,,M0,T
1000085,90494,31.09,H,,32.6,visa,debit,325,87,gmail.com,,M0,F
1000086,90519,324.45,R,16.2,26.2,visa,debit,299,87,yahoo.com,yahoo.com,,T
1000087,90581,41.24,W,1.2,,visa,debit,325,87,hotmail.com,,M1,F
1000088,90605,77.84,W,,,visa,debit,325,87,yahoo.com,yahoo.com,M1,T
1000089,90616,73.58,W,,,visa,debit,325,87,anonymous.com,yahoo.com,M2,F
1000090,90629,11.05,W,13.3,25.2,visa,debit,299,87,aol.com,,M1,T
1000091,90743,31.2,H,,,visa,debit,126,87,anonymous.com,,M0,T
1000092,90743,18.46,W,,,mastercard,credit,315,87,gmail.com,,,F
1000093,90743,64.37,W,,,discover,credit,272,87,hotmail.com,,M2,F
1000094,90817,866.28,W,4.4,,visa,credit,299,87,yahoo.com,,M1,T
1000095,90884,98.27,R,,,visa,debit,325,87,gmail.com,,,T
1000096,90939,74.27,W,,55.6,visa,credit,325,87,hotmail.com,,M0,F
1000097,90942,77.57,W,34.0,,mastercard,debit,299,87,gmail.com,,M0,F
1000098,91006,199.97,C,8.3,,mastercard,credit,272,,gmail.com,anonymous.com,M2,
1000099,91097,22.85,W,,,visa,debit,,87,aol.com,,M1,T
1000100,91115,103.12,R,43.0,,mastercard,debit,325,87,gmail.com,,,T
1000101,91138,264.29,R,,18.8,mastercard,credit,204,87,aol.com,,,F
1000102,91213,16.02,W,,12.5,visa,debit,181,87,gmail.com,,M0,T
1000103,91299,422.22,W,,,visa,debit,325,87,gmail.com,,M0,T
1000104,91411,48.46,W,11.2,,mastercard,debit,299,87,yahoo.com,,M0,T
1000105,91486,68.39,W,,,mastercard,debit,272,87,gmail.com,,M0,
1000106,91496,25.95,W,,25.2,visa,debit,299,87,aol.com,,M0,F
1000107,91599,86.83,W,,,mastercard,debit,204,87,gmail.com,gmail.com,,T
1000108,91599,15.94,C,,,visa,debit,,87,yahoo.com,gmail.com,M0,T
1000109,91599,69.46,W,39.2,,visa,debit,325,,gmail.com,,M2,F
1000110,91626,42.44,W,,,visa,credit,181,60,anonymous.com,,M1,T
1000111,91626,223.3,W,,,visa,debit,126,60,,,M1,T
1000112,91716,3.09,C,17.9,,visa,debit,204,87,gmail.com,,M0,F
1000113,91789,207.27,H,,,visa,debit,325,87,gmail.com,,M2,
1000114,91789,44.59,W,,,visa,debit,325,87,aol.com,,M2,F
1000115,91895,2.82,W,16.5,7.6,mastercard,debit,441,87,yahoo.com,,M1,T
1000116,91913,26.54,W,,,mastercard,debit,299,87,gmail.com,gmail.com,M0,T
1000117,92015,12.63,W,,,visa,debit,299,87,hotmail.com,yahoo.com,M0,F
1000118,92044,11.33,W,,,mastercard,credit,272,87,gmail.com,yahoo.com,,
1000119,92065,155.21,W,1.4,56.6,mastercard,credit,315,87,gmail.com,,M0,T
1000120,92146,57.72,R,,,visa,credit,325,87,gmail.com,,,T
1000121,92232,71.56,W,,,visa,credit,315,87,gmail.com,gmail.com,M1,T
1000122,92232,63.6,W,,,visa,debit,325,87,gmail.com,,M1,T
1000123,92262,289.24,W,,,mastercard,credit,204,87,gmail.com,yahoo.com,M0,F
1000124,92316,266.53,R,,7.7,mastercard,debit,441,87,yahoo.com,,M0,
1000125,92419,72.2,H,10.6,,visa,debit,204,87,gmail.com,,,F
1000126,92440,28.95,W,,,visa,debit,204,87,gmail.com,,M0,F
1000127,92549,206.95,C,5.8,,mastercard,,325,87,gmail.com,,M0,
1000128,92620,301.11,R,38.8,,mastercard,debit,299,87,yahoo.com,,M0,
1000129,92624,7.9,R,,6.5,visa,credit,325,87,yahoo.com,,M1,T
1000130,92631,46.95,W,31.6,,visa,credit,325,87,gmail.com,,M1,F
1000131,92638,66.71,W,,,mastercard,debit,315,87,gmail.com,,M0,T
1000132,92638,49.41,C,,12.4,visa,debit,441,87,,,,T
1000133,92638,111.06,W,6.6,,visa,credit,,87,hotmail.com,,M1,T
1000134,92678,17.18,W,,,visa,debit,272,87,hotmail.com,yahoo.com,M0,F
1000135,92791,13.42,W,,,mastercard,debit,441,87,gmail.com,,M0,T
1000136,92858,33.49,W,,,visa,debit,204,87,yahoo.com,gmail.com,,F
1000137,92903,62.63,W,0.6,,mastercard,debit,126,87,yahoo.com,,M0,F
1000138,92974,12.22,W,,15.6,visa,debit or credit,299,87,hotmail.com,,M2,T
1000139,93024,94.85,W,,,mastercard,debit,181,87,,,,
1000140,93024,40.22,R,,59.4,visa,debit,181,60,yahoo.com,,M2,T
1000141,93101,20.93,W,,,visa,debit,315,87,gmail.com,,M1,F
1000142,93196,40.52,W,0.3,,visa,debit,204,60,gmail.com,gmail.com,M0,T
1000143,93244,129.12,W,,,visa,credit,204,87,yahoo.com,,M2,F
1000144,93284,155.76,W,10.3,,visa,credit,315,87,gmail.com,,M1,T
1000145,93298,51.11,W,21.6,1.3,visa,debit,299,87,gmail.com,,,
1000146,93298,119.62,R,40.7,16.8,visa,debit,325,87,,,M1,
1000147,93307,215.21,W,,,discover,debit,,87,hotmail.com,,M1,T
1000148,93394,156.12,R,,,mastercard,debit,,87,gmail.com,,M1,T
1000149,93411,10.1,W,0.4,,visa,credit,,87,yahoo.com,,M0,T
1000150,93462,27.52,W,3.6,,mastercard,debit,,87,gmail.com,gmail.com,M1,T
1000151,93524,381.51,S,65.1,,mastercard,debit,325,87,gmail.com,gmail.com,M1,T
1000152,93625,11.91,S,95.6,,visa,debit,204,87,gmail.com,,M0,T
1000153,93668,33.38,W,,,visa,credit,181,87,hotmail.com,,M1,T
1000154,93725,109.99,W,,,mastercard,debit,272,87,gmail.com,,M0,
1000155,93835,18.99,W,41.0,,mastercard,credit,325,87,comcast.net,,M0,T
1000156,93853,109.63,W,5.0,,visa,debit,325,87,hotmail.com,,M0,T
1000157,93857,50.71,W,,,visa,debit,126,87,gmail.com,,M0,
1000158,93935,176.38,W,,,visa,charge card,315,87,gmail.com,,,F
1000159,93946,76.31,C,,16.4,visa,debit,325,87,yahoo.com,yahoo.com,,
1000160,93970,14.02,C,,,mastercard,credit,441,87,gmail.com,,M0,T
1000161,94023,16.64,W,,,visa,debit,204,87,gmail.com,,M2,F
1000162,94119,17.44,W,64.2,,mastercard,credit,204,87,hotmail.com,hotmail.com,M1,T
1000163,94226,37.03,W,5.6,,discover,credit,299,60,gmail.com,,M1,F
1000164,94319,239.54,W,,51.3,visa,debit,325,87,gmail.com,,,T
1000165,94358,154.83,W,,,mastercard,debit,299,87,hotmail.com,,M0,F
1000166,94358,27.81,C,,0.2,mastercard,credit,126,87,yahoo.com,yahoo.com,M1,F
1000167,94438,16.03,W,15.8,,visa,debit,204,87,,gmail.com,,
1000168,94503,72.91,H,99.3,83.3,american express,credit,441,87,gmail.com,,M1,
1000169,94530,11.77,W,2.2,,mastercard,debit,315,87,anonymous.com,gmail.com,,F
1000170,94568,47.91,W,,,mastercard,debit,325,87,gmail.com,,M1,F
1000171,94568,29.11,W,28.7,,visa,debit,272,87,hotmail.com,,M1,F
1000172,94568,98.74,W,,10.9,mastercard,credit,315,87,hotmail.com,hotmail.com,,F
1000173,94568,42.53,W,,,mastercard,debit,299,87,gmail.com,gmail.com,M1,F
1000174,94631,39.75,C,82.5,,visa,debit,204,87,yahoo.com,,M0,T
1000175,94725,25.72,W,,55.3,discover,debit,441,87,hotmail.com,,M1,
1000176,94787,19.89,W,,,visa,credit,204,87,gmail.com,,,T
1000177,94810,66.18,W,,,mastercard,credit,204,87,yahoo.com,,M1,T
1000178,94879,75.23,W,16.5,,visa,debit,315,87,gmail.com,gmail.com,M0,T
1000179,94894,316.57,H,10.5,,mastercard,credit,325,87,anonymous.com,gmail.com,,T
1000180,95010,84.05,W,,,visa,,299,87,yahoo.com,,,T
1000181,95094,140.7,W,,,mastercard,credit,325,96,comcast.net,,M0,F
1000182,95114,41.57,W,,,mastercard,credit,181,87,gmail.com,yahoo.com,M2,T
1000183,95129,30.48,W,13.4,,visa,credit,441,87,hotmail.com,,M0,T
1000184,95174,22.86,S,,9.9,visa,debit,204,87,yahoo.com,,M0,T
1000185,95267,217.76,W,4.2,,visa,debit,,87,yahoo.com,,,F
1000186,95267,31.55,H,,,mastercard,debit,126,87,gmail.com,yahoo.com,,
1000187,95325,22.77,W,2.7,,mastercard,debit,441,87,yahoo.com,,M1,T
1000188,95325,15.54,H,50.7,26.4,visa,debit,181,87,gmail.com,gmail.com,M1,F
1000189,95325,45.53,W,,,visa,credit,126,87,,,M0,T
1000190,95361,32.26,W,53.9,,mastercard,debit,204,87,,,,T
1000191,95361,74.29,W,,18.8,discover,debit,204,87,hotmail.com,,M2,T
1000192,95431,310.96,W,17.1,,visa,debit,325,87,,,M0,
1000193,95437,117.76,C,,,visa,debit,126,87,,anonymous.com,M1,F
1000194,95535,24.01,W,,,mastercard,debit,,87,gmail.com,,M1,
1000195,95624,71.53,W,,,visa,debit,325,87,aol.com,,M1,F
1000196,95671,84.57,W,,,discover,debit,181,87,hotmail.com,,,T
1000197,95712,139.6,W,11.8,,visa,debit,325,87,comcast.net,,M2,T
1000198,95784,23.9,W,,,visa,credit,272,87,yahoo.com,,M0,T
1000199,95839,49.1,W,,,visa,credit,204,87,yahoo.com,,M2,F
